7777777, Ivy Rocabado, prepago, No tiene numeros amigos
7777777, Ivy Rocabado, prepago, No tiene numeros amigos
7777777, Ivy Rocabado, prepago, No tiene numeros amigos
7777777, Ivy Rocabado, prepago, No tiene numeros amigos
7777777, Ivy Rocabado, prepago, No tiene numeros amigos
7777777, Ivy Rocabado, prepago, No tiene numeros amigos
7777777, Ivy Rocabado, prepago, No tiene numeros amigos
7777777, Ivy Rocabado, prepago, No tiene numeros amigos
7777777, Ivy Rocabado, prepago, No tiene numeros amigos
7777777, Ivy Rocabado, prepago, No tiene numeros amigos
7777777, Ivy Rocabado, prepago, No tiene numeros amigos
7777777, Ivy Rocabado, prepago, No tiene numeros amigos
7777777, Ivy Rocabado, prepago, No tiene numeros amigos
